Strategy,Return [%],Max Drawdown [%],# Trades,Win Rate [%]
Strategy1_FixedSLTP,5.799429999999958,-9.163874397794025,3.0,66.66666666666666
Strategy2_ATRBased,0.5252485758196883,-2.391697303413798,39.0,41.02564102564102
Strategy3_TrailingStop,-3.04421578791289,-3.5395594422648724,40.0,27.500000000000004
